{
    "now": "2024-04-19T03:26:18.368Z",
    "perfNow": 298254.39999997616,
    "diagnosticCorrelation": "feedf74d-8613-4018-bd7a-a1617049d8c9",
    "source": "DownloadSupportFiles",
    "environment": {
        "productName": "adf",
        "buildVersion": "1.0.041624.12",
        "environmentType": 3,
        "resourceName": "ytProjectAdf",
        "resourceRegion": "eastus",
        "resourceGroup": "Tharun_ResGrp",
        "subscriptionId": "5f480467-c9a0-4da8-adc9-10e01c681cf7",
        "sessionId": "Y8cUSsg2f/vzfbQudaNedv",
        "operationId": "",
        "gitType": "live",
        "loggingKey": "5c7226b4-176b-4b38-a80f-40b1cece11a8"
    },
    "additionalInfo": {
        "selectedResource": "copy_medicine",
        "selectedResourceType": "pipeline"
    }
}