{"$schema":"http://schema.management.azure.com/schemas/2015-01-01/deploymentTemplate.json#","contentVersion":"1.0.0.0","parameters":{"workspaceName":{"type":"string","metadata":"Workspace name","defaultValue":"ytproject"},"serverlesssql_db":{"type":"string"},"ytproject-WorkspaceDefaultStorage":{"type":"string"}},"variables":{"workspaceId":"[concat('Microsoft.Synapse/workspaces/', parameters('workspaceName'))]"},"resources":[{"name":"[concat(parameters('workspaceName'), '/pipeline')]","type":"Microsoft.Synapse/workspaces/pipelines","apiVersion":"2019-06-01-preview","properties":{"activities":[{"name":"get table names","type":"GetMetadata","dependsOn":[],"policy":{"timeout":"0.12:00:00","retry":0,"retryIntervalInSeconds":30,"secureOutput":false,"secureInput":false},"userProperties":[],"typeProperties":{"dataset":{"referenceName":"ds_tablenames","type":"DatasetReference","parameters":{}},"fieldList":["childItems"],"storeSettings":{"type":"AzureBlobFSReadSettings","recursive":true,"enablePartitionDiscovery":false},"formatSettings":{"type":"BinaryReadSettings"}}},{"name":"table","type":"ForEach","dependsOn":[{"activity":"get table names","dependencyConditions":["Succeeded"]}],"userProperties":[],"typeProperties":{"items":{"value":"@activity('get table names').output.childItems","type":"Expression"},"activities":[{"name":"Stored procedure1","type":"SqlServerStoredProcedure","dependsOn":[],"policy":{"timeout":"0.12:00:00","retry":0,"retryIntervalInSeconds":30,"secureOutput":false,"secureInput":false},"userProperties":[],"typeProperties":{"storedProcedureName":"[[dbo].[CreateServerlessSqlView_gold]","storedProcedureParameters":{"viewname":{"value":{"value":"@item().name","type":"Expression"},"type":"String"}}},"linkedServiceName":{"referenceName":"[parameters('serverlesssql_db')]","type":"LinkedServiceReference"}}]}}],"policy":{"elapsedTimeMetric":{}},"annotations":[],"lastPublishTime":"2024-04-14T10:38:26Z"},"dependsOn":["[concat(variables('workspaceId'), '/datasets/ds_tablenames')]"]},{"name":"[concat(parameters('workspaceName'), '/ds_tablenames')]","type":"Microsoft.Synapse/workspaces/datasets","apiVersion":"2019-06-01-preview","properties":{"linkedServiceName":{"referenceName":"[parameters('ytproject-WorkspaceDefaultStorage')]","type":"LinkedServiceReference"},"annotations":[],"type":"Binary","typeProperties":{"location":{"type":"AzureBlobFSLocation","folderPath":"hfpms","fileSystem":"gold"}}},"dependsOn":[]}]}