{"$schema":"http://schema.management.azure.com/schemas/2015-01-01/deploymentTemplate.json#","contentVersion":"1.0.0.0","parameters":{"factoryName":{"type":"string","metadata":"Data Factory name"},"AzureDatabricks1":{"type":"string"},"MySql_ls":{"type":"string"},"AzureDataLakeStorage1":{"type":"string"}},"variables":{"factoryId":"[concat('Microsoft.DataFactory/factories/', parameters('factoryName'))]"},"resources":[{"name":"[concat(parameters('factoryName'), '/sqldbtables')]","type":"Microsoft.DataFactory/factories/pipelines","apiVersion":"2018-06-01","properties":{"activities":[{"name":"Lookup for all tables","type":"Lookup","dependsOn":[],"policy":{"timeout":"0.12:00:00","retry":0,"retryIntervalInSeconds":30,"secureOutput":false,"secureInput":false},"userProperties":[],"typeProperties":{"source":{"type":"MySqlSource","query":"select TABLE_SCHEMA,table_name from information_schema.tables where TABLE_SCHEMA='hfpms'"},"dataset":{"referenceName":"allTables","type":"DatasetReference","parameters":{}},"firstRowOnly":false}},{"name":"ForEach1","type":"ForEach","dependsOn":[{"activity":"Lookup for all tables","dependencyConditions":["Succeeded"]}],"userProperties":[],"typeProperties":{"items":{"value":"@activity('Lookup for all tables').output.value","type":"Expression"},"activities":[{"name":"Copy each table","type":"Copy","dependsOn":[],"policy":{"timeout":"0.12:00:00","retry":0,"retryIntervalInSeconds":30,"secureOutput":false,"secureInput":false},"userProperties":[],"typeProperties":{"source":{"type":"MySqlSource","query":{"value":"@{concat('select * from ',item().table_schema,'.',item().table_name)}\n\n","type":"Expression"}},"sink":{"type":"DelimitedTextSink","storeSettings":{"type":"AzureBlobFSWriteSettings"},"formatSettings":{"type":"DelimitedTextWriteSettings","quoteAllText":true,"fileExtension":".txt"}},"enableStaging":false,"translator":{"type":"TabularTranslator","typeConversion":true,"typeConversionSettings":{"allowDataTruncation":true,"treatBooleanAsNumber":false}}},"inputs":[{"referenceName":"copyEachtable","type":"DatasetReference","parameters":{}}],"outputs":[{"referenceName":"ds_gen2_sink","type":"DatasetReference","parameters":{"table_schema":{"value":"@item().table_schema","type":"Expression"},"table_name":{"value":"@item().table_name","type":"Expression"}}}]}]}},{"name":"bronze to silver","type":"DatabricksNotebook","dependsOn":[{"activity":"ForEach1","dependencyConditions":["Succeeded"]}],"policy":{"timeout":"0.12:00:00","retry":0,"retryIntervalInSeconds":30,"secureOutput":false,"secureInput":false},"userProperties":[],"typeProperties":{"notebookPath":"/Users/kumarengineering40@gmail.com/yt-project/yt_bronze to silver"},"linkedServiceName":{"referenceName":"[parameters('AzureDatabricks1')]","type":"LinkedServiceReference"}},{"name":"silver to gold","type":"DatabricksNotebook","dependsOn":[{"activity":"bronze to silver","dependencyConditions":["Succeeded"]}],"policy":{"timeout":"0.12:00:00","retry":0,"retryIntervalInSeconds":30,"secureOutput":false,"secureInput":false},"userProperties":[],"typeProperties":{"notebookPath":"/Users/kumarengineering40@gmail.com/yt-project/yt_silver to gold"},"linkedServiceName":{"referenceName":"[parameters('AzureDatabricks1')]","type":"LinkedServiceReference"}}],"policy":{"elapsedTimeMetric":{}},"annotations":[],"lastPublishTime":"2024-04-14T07:46:00Z"},"dependsOn":["[concat(variables('factoryId'), '/datasets/allTables')]","[concat(variables('factoryId'), '/datasets/copyEachtable')]","[concat(variables('factoryId'), '/datasets/ds_gen2_sink')]"]},{"name":"[concat(parameters('factoryName'), '/allTables')]","type":"Microsoft.DataFactory/factories/datasets","apiVersion":"2018-06-01","properties":{"linkedServiceName":{"referenceName":"[parameters('MySql_ls')]","type":"LinkedServiceReference"},"annotations":[],"type":"MySqlTable","schema":[],"typeProperties":{}},"dependsOn":[]},{"name":"[concat(parameters('factoryName'), '/copyEachtable')]","type":"Microsoft.DataFactory/factories/datasets","apiVersion":"2018-06-01","properties":{"linkedServiceName":{"referenceName":"[parameters('MySql_ls')]","type":"LinkedServiceReference"},"annotations":[],"type":"MySqlTable","schema":[],"typeProperties":{}},"dependsOn":[]},{"name":"[concat(parameters('factoryName'), '/ds_gen2_sink')]","type":"Microsoft.DataFactory/factories/datasets","apiVersion":"2018-06-01","properties":{"linkedServiceName":{"referenceName":"[parameters('AzureDataLakeStorage1')]","type":"LinkedServiceReference"},"parameters":{"table_schema":{"type":"string"},"table_name":{"type":"string"}},"annotations":[],"type":"DelimitedText","typeProperties":{"location":{"type":"AzureBlobFSLocation","fileName":{"value":"@concat(dataset().table_name,'.csv')","type":"Expression"},"folderPath":{"value":"@{concat(dataset().table_schema,'/',dataset().table_name)}","type":"Expression"},"fileSystem":"bronze"},"columnDelimiter":",","escapeChar":"\\","firstRowAsHeader":true,"quoteChar":"\""},"schema":[]},"dependsOn":[]}]}