{
    "name": "AzureDatabricks1",
    "type": "Microsoft.DataFactory/factories/linkedservices",
    "properties": {
        "annotations": [],
        "type": "AzureDatabricks",
        "typeProperties": {
            "domain": "https://adb-6578832967290541.1.azuredatabricks.net",
            "accessToken": {
                "type": "AzureKeyVaultSecret",
                "store": {
                    "referenceName": "AzureKeyVault2",
                    "type": "LinkedServiceReference"
                },
                "secretName": "dbricksAccessToken"
            },
            "existingClusterId": "0402-180824-3lmutedv"
        }
    }
}