{
    "name": "MySql_ls",
    "type": "Microsoft.DataFactory/factories/linkedservices",
    "properties": {
        "annotations": [],
        "type": "MySql",
        "typeProperties": {
            "connectionString": "Server=localhost;Port=3306;Database=hfpms;User=Tarun_azure;SSLMode=1;UseSystemTrustStore=1",
            "password": {
                "type": "AzureKeyVaultSecret",
                "store": {
                    "referenceName": "AzureKeyVault2",
                    "type": "LinkedServiceReference"
                },
                "secretName": "MySqlpassword"
            }
        },
        "connectVia": {
            "referenceName": "SelfhostedIR",
            "type": "IntegrationRuntimeReference"
        }
    }
}