{
    "name": "sqldbtables",
    "properties": {
        "activities": [
            {
                "name": "Lookup for all tables",
                "type": "Lookup",
                "dependsOn": [],
                "policy": {
                    "timeout": "0.12:00:00",
                    "retry": 0,
                    "retryIntervalInSeconds": 30,
                    "secureOutput": false,
                    "secureInput": false
                },
                "userProperties": [],
                "typeProperties": {
                    "source": {
                        "type": "MySqlSource",
                        "query": "select TABLE_SCHEMA,table_name from information_schema.tables where TABLE_SCHEMA='hfpms'"
                    },
                    "dataset": {
                        "referenceName": "allTables",
                        "type": "DatasetReference"
                    },
                    "firstRowOnly": false
                }
            },
            {
                "name": "ForEach1",
                "type": "ForEach",
                "dependsOn": [
                    {
                        "activity": "Lookup for all tables",
                        "dependencyConditions": [
                            "Succeeded"
                        ]
                    }
                ],
                "userProperties": [],
                "typeProperties": {
                    "items": {
                        "value": "@activity('Lookup for all tables').output.value",
                        "type": "Expression"
                    },
                    "activities": [
                        {
                            "name": "Copy each table",
                            "type": "Copy",
                            "dependsOn": [],
                            "policy": {
                                "timeout": "0.12:00:00",
                                "retry": 0,
                                "retryIntervalInSeconds": 30,
                                "secureOutput": false,
                                "secureInput": false
                            },
                            "userProperties": [],
                            "typeProperties": {
                                "source": {
                                    "type": "MySqlSource",
                                    "query": {
                                        "value": "@{concat('select * from ',item().table_schema,'.',item().table_name)}\n\n",
                                        "type": "Expression"
                                    }
                                },
                                "sink": {
                                    "type": "DelimitedTextSink",
                                    "storeSettings": {
                                        "type": "AzureBlobFSWriteSettings"
                                    },
                                    "formatSettings": {
                                        "type": "DelimitedTextWriteSettings",
                                        "quoteAllText": true,
                                        "fileExtension": ".txt"
                                    }
                                },
                                "enableStaging": false,
                                "translator": {
                                    "type": "TabularTranslator",
                                    "typeConversion": true,
                                    "typeConversionSettings": {
                                        "allowDataTruncation": true,
                                        "treatBooleanAsNumber": false
                                    }
                                }
                            },
                            "inputs": [
                                {
                                    "referenceName": "copyEachtable",
                                    "type": "DatasetReference"
                                }
                            ],
                            "outputs": [
                                {
                                    "referenceName": "ds_gen2_sink",
                                    "type": "DatasetReference",
                                    "parameters": {
                                        "table_schema": {
                                            "value": "@item().table_schema",
                                            "type": "Expression"
                                        },
                                        "table_name": {
                                            "value": "@item().table_name",
                                            "type": "Expression"
                                        }
                                    }
                                }
                            ]
                        }
                    ]
                }
            },
            {
                "name": "bronze to silver",
                "type": "DatabricksNotebook",
                "dependsOn": [
                    {
                        "activity": "ForEach1",
                        "dependencyConditions": [
                            "Succeeded"
                        ]
                    }
                ],
                "policy": {
                    "timeout": "0.12:00:00",
                    "retry": 0,
                    "retryIntervalInSeconds": 30,
                    "secureOutput": false,
                    "secureInput": false
                },
                "userProperties": [],
                "typeProperties": {
                    "notebookPath": "/Users/kumarengineering40@gmail.com/yt-project/yt_bronze to silver"
                },
                "linkedServiceName": {
                    "referenceName": "AzureDatabricks1",
                    "type": "LinkedServiceReference"
                }
            },
            {
                "name": "silver to gold",
                "type": "DatabricksNotebook",
                "dependsOn": [
                    {
                        "activity": "bronze to silver",
                        "dependencyConditions": [
                            "Succeeded"
                        ]
                    }
                ],
                "policy": {
                    "timeout": "0.12:00:00",
                    "retry": 0,
                    "retryIntervalInSeconds": 30,
                    "secureOutput": false,
                    "secureInput": false
                },
                "userProperties": [],
                "typeProperties": {
                    "notebookPath": "/Users/kumarengineering40@gmail.com/yt-project/yt_silver to gold"
                },
                "linkedServiceName": {
                    "referenceName": "AzureDatabricks1",
                    "type": "LinkedServiceReference"
                }
            }
        ],
        "annotations": [],
        "lastPublishTime": "2024-04-14T07:46:00Z"
    },
    "type": "Microsoft.DataFactory/factories/pipelines"
}