{
    "now": "2024-04-19T03:28:00.556Z",
    "perfNow": 400441.89999997616,
    "diagnosticCorrelation": "8c205746-7643-4c8e-aaeb-924fef21f66f",
    "source": "DownloadSupportFiles",
    "environment": {
        "productName": "adf",
        "buildVersion": "1.0.041624.12",
        "environmentType": 3,
        "resourceName": "ytProjectAdf",
        "resourceRegion": "eastus",
        "resourceGroup": "Tharun_ResGrp",
        "subscriptionId": "5f480467-c9a0-4da8-adc9-10e01c681cf7",
        "sessionId": "Y8cUSsg2f/vzfbQudaNedv",
        "operationId": "",
        "gitType": "live",
        "loggingKey": "5c7226b4-176b-4b38-a80f-40b1cece11a8"
    },
    "additionalInfo": {
        "selectedResource": "sqldbtables",
        "selectedResourceType": "pipeline"
    }
}