{
    "name": "ds_gen2_sink",
    "properties": {
        "linkedServiceName": {
            "referenceName": "AzureDataLakeStorage1",
            "type": "LinkedServiceReference"
        },
        "parameters": {
            "table_schema": {
                "type": "string"
            },
            "table_name": {
                "type": "string"
            }
        },
        "annotations": [],
        "type": "DelimitedText",
        "typeProperties": {
            "location": {
                "type": "AzureBlobFSLocation",
                "fileName": {
                    "value": "@concat(dataset().table_name,'.csv')",
                    "type": "Expression"
                },
                "folderPath": {
                    "value": "@{concat(dataset().table_schema,'/',dataset().table_name)}",
                    "type": "Expression"
                },
                "fileSystem": "bronze"
            },
            "columnDelimiter": ",",
            "escapeChar": "\\",
            "firstRowAsHeader": true,
            "quoteChar": "\""
        },
        "schema": []
    },
    "type": "Microsoft.DataFactory/factories/datasets"
}