{
    "$schema": "https://schema.management.azure.com/schemas/2015-01-01/deploymentParameters.json#",
    "contentVersion": "1.0.0.0",
    "parameters": {
        "factoryName": {
            "value": "ytProjectAdf"
        },
        "AzureDataLakeStorage1_accountKey": {
            "value": ""
        },
        "MySql_ls_connectionString": {
            "value": "Server=localhost;Port=3306;Database=hfpms;User=Tarun_azure;SSLMode=1;UseSystemTrustStore=1"
        },
        "AzureDataLakeStorage2_accountKey": {
            "value": ""
        },
        "AzureDataLakeStorage1_properties_typeProperties_url": {
            "value": "https://tharungen2.dfs.core.windows.net/"
        },
        "AzureKeyVault1_properties_typeProperties_baseUrl": {
            "value": "https://ytProjectgKeyvault.vault.azure.net/"
        },
        "AzureKeyVault2_properties_typeProperties_baseUrl": {
            "value": "https://ytProjectgKeyvault.vault.azure.net/"
        },
        "AzureDataLakeStorage2_properties_typeProperties_url": {
            "value": "https://tharungen2.dfs.core.windows.net/"
        },
        "AzureDatabricks1_properties_typeProperties_existingClusterId": {
            "value": "0402-180824-3lmutedv"
        },
        "containerUri": {
            "value": ""
        },
        "containerSasToken": {
            "value": ""
        }
    }
}