{
    "$schema": "http://schema.management.azure.com/schemas/2015-01-01/deploymentTemplate.json#",
    "contentVersion": "1.0.0.0",
    "parameters": {
        "factoryName": {
            "type": "string",
            "metadata": "Data Factory name",
            "defaultValue": "ytProjectAdf"
        },
        "AzureDataLakeStorage1_accountKey": {
            "type": "secureString",
            "metadata": "Secure string for 'accountKey' of 'AzureDataLakeStorage1'"
        },
        "MySql_ls_connectionString": {
            "type": "secureString",
            "metadata": "Secure string for 'connectionString' of 'MySql_ls'",
            "defaultValue": "Server=localhost;Port=3306;Database=hfpms;User=Tarun_azure;SSLMode=1;UseSystemTrustStore=1"
        },
        "AzureDataLakeStorage2_accountKey": {
            "type": "secureString",
            "metadata": "Secure string for 'accountKey' of 'AzureDataLakeStorage2'"
        },
        "AzureDataLakeStorage1_properties_typeProperties_url": {
            "type": "string",
            "defaultValue": "https://tharungen2.dfs.core.windows.net/"
        },
        "AzureKeyVault1_properties_typeProperties_baseUrl": {
            "type": "string",
            "defaultValue": "https://ytProjectgKeyvault.vault.azure.net/"
        },
        "AzureKeyVault2_properties_typeProperties_baseUrl": {
            "type": "string",
            "defaultValue": "https://ytProjectgKeyvault.vault.azure.net/"
        },
        "AzureDataLakeStorage2_properties_typeProperties_url": {
            "type": "string",
            "defaultValue": "https://tharungen2.dfs.core.windows.net/"
        },
        "AzureDatabricks1_properties_typeProperties_existingClusterId": {
            "type": "string",
            "defaultValue": "0402-180824-3lmutedv"
        }
    },
    "variables": {
        "factoryId": "[concat('Microsoft.DataFactory/factories/', parameters('factoryName'))]"
    },
    "resources": [
        {
            "name": "[concat(parameters('factoryName'), '/SelfhostedIR')]",
            "type": "Microsoft.DataFactory/factories/integrationRuntimes",
            "apiVersion": "2018-06-01",
            "properties": {
                "type": "SelfHosted",
                "typeProperties": {}
            },
            "dependsOn": []
        },
        {
            "name": "[concat(parameters('factoryName'), '/AzureDataLakeStorage1')]",
            "type": "Microsoft.DataFactory/factories/linkedServices",
            "apiVersion": "2018-06-01",
            "properties": {
                "annotations": [],
                "type": "AzureBlobFS",
                "typeProperties": {
                    "url": "[parameters('AzureDataLakeStorage1_properties_typeProperties_url')]",
                    "accountKey": {
                        "type": "SecureString",
                        "value": "[parameters('AzureDataLakeStorage1_accountKey')]"
                    }
                }
            },
            "dependsOn": []
        },
        {
            "name": "[concat(parameters('factoryName'), '/AzureKeyVault1')]",
            "type": "Microsoft.DataFactory/factories/linkedServices",
            "apiVersion": "2018-06-01",
            "properties": {
                "annotations": [],
                "type": "AzureKeyVault",
                "typeProperties": {
                    "baseUrl": "[parameters('AzureKeyVault1_properties_typeProperties_baseUrl')]"
                }
            },
            "dependsOn": []
        },
        {
            "name": "[concat(parameters('factoryName'), '/AzureKeyVault2')]",
            "type": "Microsoft.DataFactory/factories/linkedServices",
            "apiVersion": "2018-06-01",
            "properties": {
                "annotations": [],
                "type": "AzureKeyVault",
                "typeProperties": {
                    "baseUrl": "[parameters('AzureKeyVault2_properties_typeProperties_baseUrl')]"
                }
            },
            "dependsOn": []
        },
        {
            "name": "[concat(parameters('factoryName'), '/MySql_ls')]",
            "type": "Microsoft.DataFactory/factories/linkedServices",
            "apiVersion": "2018-06-01",
            "properties": {
                "annotations": [],
                "type": "MySql",
                "typeProperties": {
                    "connectionString": "[parameters('MySql_ls_connectionString')]",
                    "password": {
                        "type": "AzureKeyVaultSecret",
                        "store": {
                            "referenceName": "AzureKeyVault2",
                            "type": "LinkedServiceReference"
                        },
                        "secretName": "MySqlpassword"
                    }
                },
                "connectVia": {
                    "referenceName": "SelfhostedIR",
                    "type": "IntegrationRuntimeReference"
                }
            },
            "dependsOn": [
                "[concat(variables('factoryId'), '/integrationRuntimes/SelfhostedIR')]",
                "[concat(variables('factoryId'), '/linkedServices/AzureKeyVault2')]"
            ]
        },
        {
            "name": "[concat(parameters('factoryName'), '/AzureDataLakeStorage2')]",
            "type": "Microsoft.DataFactory/factories/linkedServices",
            "apiVersion": "2018-06-01",
            "properties": {
                "annotations": [],
                "type": "AzureBlobFS",
                "typeProperties": {
                    "url": "[parameters('AzureDataLakeStorage2_properties_typeProperties_url')]",
                    "accountKey": {
                        "type": "SecureString",
                        "value": "[parameters('AzureDataLakeStorage2_accountKey')]"
                    }
                }
            },
            "dependsOn": []
        },
        {
            "name": "[concat(parameters('factoryName'), '/AzureDatabricks1')]",
            "type": "Microsoft.DataFactory/factories/linkedServices",
            "apiVersion": "2018-06-01",
            "properties": {
                "annotations": [],
                "type": "AzureDatabricks",
                "typeProperties": {
                    "domain": "https://adb-6578832967290541.1.azuredatabricks.net",
                    "accessToken": {
                        "type": "AzureKeyVaultSecret",
                        "store": {
                            "referenceName": "AzureKeyVault2",
                            "type": "LinkedServiceReference"
                        },
                        "secretName": "dbricksAccessToken"
                    },
                    "existingClusterId": "[parameters('AzureDatabricks1_properties_typeProperties_existingClusterId')]"
                }
            },
            "dependsOn": [
                "[concat(variables('factoryId'), '/linkedServices/AzureKeyVault2')]"
            ]
        },
        {
            "name": "[concat(parameters('factoryName'), '/ds_medicine_sink_Parquet')]",
            "type": "Microsoft.DataFactory/factories/datasets",
            "apiVersion": "2018-06-01",
            "properties": {
                "linkedServiceName": {
                    "referenceName": "AzureDataLakeStorage1",
                    "type": "LinkedServiceReference"
                },
                "annotations": [],
                "type": "Parquet",
                "typeProperties": {
                    "location": {
                        "type": "AzureBlobFSLocation",
                        "fileSystem": "bronze"
                    },
                    "compressionCodec": "snappy"
                },
                "schema": []
            },
            "dependsOn": [
                "[concat(variables('factoryId'), '/linkedServices/AzureDataLakeStorage1')]"
            ]
        },
        {
            "name": "[concat(parameters('factoryName'), '/DelimitedText1')]",
            "type": "Microsoft.DataFactory/factories/datasets",
            "apiVersion": "2018-06-01",
            "properties": {
                "linkedServiceName": {
                    "referenceName": "AzureDataLakeStorage1",
                    "type": "LinkedServiceReference"
                },
                "annotations": [],
                "type": "DelimitedText",
                "typeProperties": {
                    "location": {
                        "type": "AzureBlobFSLocation",
                        "fileSystem": "bronze"
                    },
                    "columnDelimiter": ",",
                    "escapeChar": "\\",
                    "firstRowAsHeader": true,
                    "quoteChar": "\""
                },
                "schema": []
            },
            "dependsOn": [
                "[concat(variables('factoryId'), '/linkedServices/AzureDataLakeStorage1')]"
            ]
        },
        {
            "name": "[concat(parameters('factoryName'), '/medicineTable')]",
            "type": "Microsoft.DataFactory/factories/datasets",
            "apiVersion": "2018-06-01",
            "properties": {
                "linkedServiceName": {
                    "referenceName": "MySql_ls",
                    "type": "LinkedServiceReference"
                },
                "annotations": [],
                "type": "MySqlTable",
                "schema": [],
                "typeProperties": {
                    "tableName": "`medicines`"
                }
            },
            "dependsOn": [
                "[concat(variables('factoryId'), '/linkedServices/MySql_ls')]"
            ]
        },
        {
            "name": "[concat(parameters('factoryName'), '/allTables')]",
            "type": "Microsoft.DataFactory/factories/datasets",
            "apiVersion": "2018-06-01",
            "properties": {
                "linkedServiceName": {
                    "referenceName": "MySql_ls",
                    "type": "LinkedServiceReference"
                },
                "annotations": [],
                "type": "MySqlTable",
                "schema": [],
                "typeProperties": {}
            },
            "dependsOn": [
                "[concat(variables('factoryId'), '/linkedServices/MySql_ls')]"
            ]
        },
        {
            "name": "[concat(parameters('factoryName'), '/ds_gen2_sink')]",
            "type": "Microsoft.DataFactory/factories/datasets",
            "apiVersion": "2018-06-01",
            "properties": {
                "linkedServiceName": {
                    "referenceName": "AzureDataLakeStorage1",
                    "type": "LinkedServiceReference"
                },
                "parameters": {
                    "table_schema": {
                        "type": "string"
                    },
                    "table_name": {
                        "type": "string"
                    }
                },
                "annotations": [],
                "type": "DelimitedText",
                "typeProperties": {
                    "location": {
                        "type": "AzureBlobFSLocation",
                        "fileName": {
                            "value": "@concat(dataset().table_name,'.csv')",
                            "type": "Expression"
                        },
                        "folderPath": {
                            "value": "@{concat(dataset().table_schema,'/',dataset().table_name)}",
                            "type": "Expression"
                        },
                        "fileSystem": "bronze"
                    },
                    "columnDelimiter": ",",
                    "escapeChar": "\\",
                    "firstRowAsHeader": true,
                    "quoteChar": "\""
                },
                "schema": []
            },
            "dependsOn": [
                "[concat(variables('factoryId'), '/linkedServices/AzureDataLakeStorage1')]"
            ]
        },
        {
            "name": "[concat(parameters('factoryName'), '/copyEachtable')]",
            "type": "Microsoft.DataFactory/factories/datasets",
            "apiVersion": "2018-06-01",
            "properties": {
                "linkedServiceName": {
                    "referenceName": "MySql_ls",
                    "type": "LinkedServiceReference"
                },
                "annotations": [],
                "type": "MySqlTable",
                "schema": [],
                "typeProperties": {}
            },
            "dependsOn": [
                "[concat(variables('factoryId'), '/linkedServices/MySql_ls')]"
            ]
        },
        {
            "name": "[concat(parameters('factoryName'), '/copy_medicine')]",
            "type": "Microsoft.DataFactory/factories/pipelines",
            "apiVersion": "2018-06-01",
            "properties": {
                "activities": [
                    {
                        "name": "Copy data1",
                        "type": "Copy",
                        "dependsOn": [],
                        "policy": {
                            "timeout": "0.12:00:00",
                            "retry": 0,
                            "retryIntervalInSeconds": 30,
                            "secureOutput": false,
                            "secureInput": false
                        },
                        "userProperties": [],
                        "typeProperties": {
                            "source": {
                                "type": "MySqlSource"
                            },
                            "sink": {
                                "type": "DelimitedTextSink",
                                "storeSettings": {
                                    "type": "AzureBlobFSWriteSettings"
                                },
                                "formatSettings": {
                                    "type": "DelimitedTextWriteSettings",
                                    "quoteAllText": true,
                                    "fileExtension": ".txt"
                                }
                            },
                            "enableStaging": false,
                            "translator": {
                                "type": "TabularTranslator",
                                "typeConversion": true,
                                "typeConversionSettings": {
                                    "allowDataTruncation": true,
                                    "treatBooleanAsNumber": false
                                }
                            }
                        },
                        "inputs": [
                            {
                                "referenceName": "medicineTable",
                                "type": "DatasetReference",
                                "parameters": {}
                            }
                        ],
                        "outputs": [
                            {
                                "referenceName": "DelimitedText1",
                                "type": "DatasetReference",
                                "parameters": {}
                            }
                        ]
                    }
                ],
                "policy": {
                    "elapsedTimeMetric": {}
                },
                "annotations": [],
                "lastPublishTime": "2024-04-02T12:21:25Z"
            },
            "dependsOn": [
                "[concat(variables('factoryId'), '/datasets/medicineTable')]",
                "[concat(variables('factoryId'), '/datasets/DelimitedText1')]"
            ]
        },
        {
            "name": "[concat(parameters('factoryName'), '/sqldbtables')]",
            "type": "Microsoft.DataFactory/factories/pipelines",
            "apiVersion": "2018-06-01",
            "properties": {
                "activities": [
                    {
                        "name": "Lookup for all tables",
                        "type": "Lookup",
                        "dependsOn": [],
                        "policy": {
                            "timeout": "0.12:00:00",
                            "retry": 0,
                            "retryIntervalInSeconds": 30,
                            "secureOutput": false,
                            "secureInput": false
                        },
                        "userProperties": [],
                        "typeProperties": {
                            "source": {
                                "type": "MySqlSource",
                                "query": "select TABLE_SCHEMA,table_name from information_schema.tables where TABLE_SCHEMA='hfpms'"
                            },
                            "dataset": {
                                "referenceName": "allTables",
                                "type": "DatasetReference",
                                "parameters": {}
                            },
                            "firstRowOnly": false
                        }
                    },
                    {
                        "name": "ForEach1",
                        "type": "ForEach",
                        "dependsOn": [
                            {
                                "activity": "Lookup for all tables",
                                "dependencyConditions": [
                                    "Succeeded"
                                ]
                            }
                        ],
                        "userProperties": [],
                        "typeProperties": {
                            "items": {
                                "value": "@activity('Lookup for all tables').output.value",
                                "type": "Expression"
                            },
                            "activities": [
                                {
                                    "name": "Copy each table",
                                    "type": "Copy",
                                    "dependsOn": [],
                                    "policy": {
                                        "timeout": "0.12:00:00",
                                        "retry": 0,
                                        "retryIntervalInSeconds": 30,
                                        "secureOutput": false,
                                        "secureInput": false
                                    },
                                    "userProperties": [],
                                    "typeProperties": {
                                        "source": {
                                            "type": "MySqlSource",
                                            "query": {
                                                "value": "@{concat('select * from ',item().table_schema,'.',item().table_name)}\n\n",
                                                "type": "Expression"
                                            }
                                        },
                                        "sink": {
                                            "type": "DelimitedTextSink",
                                            "storeSettings": {
                                                "type": "AzureBlobFSWriteSettings"
                                            },
                                            "formatSettings": {
                                                "type": "DelimitedTextWriteSettings",
                                                "quoteAllText": true,
                                                "fileExtension": ".txt"
                                            }
                                        },
                                        "enableStaging": false,
                                        "translator": {
                                            "type": "TabularTranslator",
                                            "typeConversion": true,
                                            "typeConversionSettings": {
                                                "allowDataTruncation": true,
                                                "treatBooleanAsNumber": false
                                            }
                                        }
                                    },
                                    "inputs": [
                                        {
                                            "referenceName": "copyEachtable",
                                            "type": "DatasetReference",
                                            "parameters": {}
                                        }
                                    ],
                                    "outputs": [
                                        {
                                            "referenceName": "ds_gen2_sink",
                                            "type": "DatasetReference",
                                            "parameters": {
                                                "table_schema": {
                                                    "value": "@item().table_schema",
                                                    "type": "Expression"
                                                },
                                                "table_name": {
                                                    "value": "@item().table_name",
                                                    "type": "Expression"
                                                }
                                            }
                                        }
                                    ]
                                }
                            ]
                        }
                    },
                    {
                        "name": "bronze to silver",
                        "type": "DatabricksNotebook",
                        "dependsOn": [
                            {
                                "activity": "ForEach1",
                                "dependencyConditions": [
                                    "Succeeded"
                                ]
                            }
                        ],
                        "policy": {
                            "timeout": "0.12:00:00",
                            "retry": 0,
                            "retryIntervalInSeconds": 30,
                            "secureOutput": false,
                            "secureInput": false
                        },
                        "userProperties": [],
                        "typeProperties": {
                            "notebookPath": "/Users/kumarengineering40@gmail.com/yt-project/yt_bronze to silver"
                        },
                        "linkedServiceName": {
                            "referenceName": "AzureDatabricks1",
                            "type": "LinkedServiceReference"
                        }
                    },
                    {
                        "name": "silver to gold",
                        "type": "DatabricksNotebook",
                        "dependsOn": [
                            {
                                "activity": "bronze to silver",
                                "dependencyConditions": [
                                    "Succeeded"
                                ]
                            }
                        ],
                        "policy": {
                            "timeout": "0.12:00:00",
                            "retry": 0,
                            "retryIntervalInSeconds": 30,
                            "secureOutput": false,
                            "secureInput": false
                        },
                        "userProperties": [],
                        "typeProperties": {
                            "notebookPath": "/Users/kumarengineering40@gmail.com/yt-project/yt_silver to gold"
                        },
                        "linkedServiceName": {
                            "referenceName": "AzureDatabricks1",
                            "type": "LinkedServiceReference"
                        }
                    }
                ],
                "policy": {
                    "elapsedTimeMetric": {}
                },
                "annotations": [],
                "lastPublishTime": "2024-04-14T07:46:00Z"
            },
            "dependsOn": [
                "[concat(variables('factoryId'), '/datasets/allTables')]",
                "[concat(variables('factoryId'), '/linkedServices/AzureDatabricks1')]",
                "[concat(variables('factoryId'), '/datasets/copyEachtable')]",
                "[concat(variables('factoryId'), '/datasets/ds_gen2_sink')]"
            ]
        }
    ]
}